{"name":"770ed7e8-0bd5-4773-ab5b-301d54d44326","id":"/providers/Microsoft.Flow/flows/770ed7e8-0bd5-4773-ab5b-301d54d44326","type":"Microsoft.Flow/flows","properties":{"apiId":"/providers/Microsoft.PowerApps/apis/shared_logicflows","displayName":"SharePoint_Get_LibraryList_Items_Count","definition":{"metadata":{"workflowEntityId":null,"processAdvisorMetadata":null,"flowclientsuspensionreason":"None","flowclientsuspensiontime":null,"creator":{"id":"5577332b-f7c3-4476-b52f-8747b67c6122","type":"User","tenantId":"3b760753-7f55-4e44-bd2c-43a68d36df2e"},"provisioningMethod":"FromDefinition","failureAlertSubscription":true,"clientLastModifiedTime":"2022-03-03T18:22:29.6835253Z"},"$schema":"https://schema.management.azure.com/providers/Microsoft.Logic/schemas/2016-06-01/workflowdefinition.json#","contentVersion":"1.0.0.0","parameters":{"$connections":{"defaultValue":{},"type":"Object"},"$authentication":{"defaultValue":{},"type":"SecureObject"}},"triggers":{"manual":{"metadata":{"operationMetadataId":"a1e00580-e504-4f73-8491-40940631f81a"},"type":"Request","kind":"PowerApp","inputs":{"schema":{"type":"object","properties":{"LibraryListUrl_Value":{"type":"string","description":"Enter initial value","x-ms-powerflows-param-ispartial":false}},"required":["LibraryListUrl_Value"]}}}},"actions":{"Library_List_Url":{"runAfter":{},"metadata":{"operationMetadataId":"b1336951-8a0e-453d-b282-8fe5b8143f01"},"type":"InitializeVariable","inputs":{"variables":[{"name":"Library List Url","type":"string","value":"@triggerBody()['LibraryListUrl_Value']"}]},"description":"For example: \"https://tenant.sharepoint.com/sites/Development/Shared%20Documents\""},"Tenant_Url":{"runAfter":{"Library_List_Url":["Succeeded"]},"metadata":{"operationMetadataId":"4a97762a-7714-41d7-9214-81ed34c35b99"},"type":"InitializeVariable","inputs":{"variables":[{"name":"Tenant Url","type":"string","value":"@{concat( 'https://', uriHost(variables('Library List Url')) )}"}]},"description":"For readiblity the tenant root URL is extracted from the Library List Url variable into the Tenant Url variable, for example: \"https://tenant.sharepoint.com\""},"Site_Relative_Path":{"runAfter":{"Tenant_Url":["Succeeded"]},"metadata":{"operationMetadataId":"4ce1df81-9a1c-44c3-ac9f-6d57597b27ca"},"type":"InitializeVariable","inputs":{"variables":[{"name":"Site Relative Path","type":"string","value":"@{replace( toUpper( replace( substring( variables('Library List Url'), 0, lastIndexOf( variables('Library List Url'), '/' ) ), variables('Tenant Url'), '' ) ), '/LISTS', '' )}"}]},"description":"For readability the relative path to the site/web containing the Library being queried is extracted from the 'Library List Url' variable into the 'Site Relative Path' variable, e.g.: \"/teams/allthings365/demo\""},"Get_Site_Libraries_and_Lists":{"runAfter":{"Total_Items_Count":["Succeeded"]},"metadata":{"operationMetadataId":"91b94379-158f-497a-ae01-38c42c70ac12"},"type":"OpenApiConnection","inputs":{"host":{"apiId":"/providers/Microsoft.PowerApps/apis/shared_sharepointonline","connectionName":"shared_sharepointonline","operationId":"HttpRequest"},"parameters":{"dataset":"@variables('Tenant Url')","parameters/method":"GET","parameters/uri":"@concat( '_api/v2.0/sites/', uriHost(variables('Library List Url')), ':', variables('Site Relative Path'), ':/lists?$select=name,displayName,webUrl,system' )","parameters/headers":{"Accept":"application/json"}},"authentication":{"value":"@json(decodeBase64(triggerOutputs().headers['X-MS-APIM-Tokens']))['$ConnectionKey']","type":"Raw"}},"description":"Query the Graph REST API to get the collection of Libraries and Lists in the site. \"https://docs.microsoft.com/en-us/graph/api/list-list?view=graph-rest-1.0&tabs=http\""},"Filter_Library_List_Being_Queried":{"runAfter":{"Get_Site_Libraries_and_Lists":["Succeeded"]},"metadata":{"operationMetadataId":"edbd7022-276a-4f8c-b84c-e507d89bbee1"},"type":"Query","inputs":{"from":"@array( body('Get_Site_Libraries_and_Lists')['value'] )","where":"@equals(item()?['webUrl'], variables('Library List Url'))"}},"Get_Library_List_Total_Items_Count":{"runAfter":{"Filter_Library_List_Being_Queried":["Succeeded"]},"metadata":{"operationMetadataId":"13656964-7d71-4aad-a713-2a915ca2b096"},"type":"OpenApiConnection","inputs":{"host":{"apiId":"/providers/Microsoft.PowerApps/apis/shared_sharepointonline","connectionName":"shared_sharepointonline","operationId":"HttpRequest"},"parameters":{"dataset":"@{variables('Tenant Url')}@{variables('Site Relative Path')}","parameters/method":"GET","parameters/uri":"@concat( '_api/web/lists/GetbyTitle(''', first( body('Filter_Library_List_Being_Queried') )?['displayName'], ''')/ItemCount' )","parameters/headers":{"Accept":"application/json"}},"authentication":{"value":"@json(decodeBase64(triggerOutputs().headers['X-MS-APIM-Tokens']))['$ConnectionKey']","type":"Raw"}},"description":"Query legacy SharePoint REST API to get total count of items in a given library or list. https://docs.microsoft.com/en-us/sharepoint/dev/sp-add-ins/working-with-lists-and-list-items-with-rest"},"Total_Items_Count":{"runAfter":{"Site_Relative_Path":["Succeeded"]},"metadata":{"operationMetadataId":"60649664-9510-4771-b326-ebb779ec4073"},"type":"InitializeVariable","inputs":{"variables":[{"name":"Total Items Count","type":"integer"}]},"description":"For readability and testing use a variable to store the total items count before returning it to the Power App"},"Set_variable_-_Total_Items_Count":{"runAfter":{"Get_Library_List_Total_Items_Count":["Succeeded"]},"metadata":{"operationMetadataId":"a7d60b4f-f03f-4d1d-b287-231bd2e8b2a0"},"type":"SetVariable","inputs":{"name":"Total Items Count","value":"@body('Get_Library_List_Total_Items_Count')['value']"}},"Respond_to_a_PowerApp_or_flow":{"runAfter":{"Set_variable_-_Total_Items_Count":["Succeeded"]},"metadata":{"operationMetadataId":"8993a1db-ee5e-4a0b-906a-efe6ec78a71d"},"type":"Response","kind":"PowerApp","inputs":{"statusCode":200,"body":{"totalitemscount":"@{variables('Total Items Count')}"},"schema":{"type":"object","properties":{"totalitemscount":{"title":"TotalItemsCount","x-ms-dynamically-added":true,"type":"number"}}}}}}},"connectionReferences":{"shared_sharepointonline":{"connectionName":"39e81e9cf600414ba3c14a06523c6164","source":"Invoker","id":"/providers/Microsoft.PowerApps/apis/shared_sharepointonline","tier":"NotSpecified"}},"flowFailureAlertSubscribed":false}}